{
  "Pacific/Midway": "(-11:00) SST - Midway",
  "Pacific/Niue": "(-11:00) Niue",
  "Pacific/Pago_Pago": "(-11:00) SST - Pago Pago",
  "America/Adak": "(-10:00) HST - Adak",
  "Pacific/Honolulu": "(-10:00) HST - Honolulu",
  "Pacific/Rarotonga": "(-10:00) Rarotonga",
  "Pacific/Tahiti": "(-10:00) Tahiti",
  "Pacific/Marquesas": "(-09:30) Marquesas",
  "America/Anchorage": "(-09:00) AKST - Anchorage",
  "America/Juneau": "(-09:00) AKST - Juneau",
  "America/Metlakatla": "(-09:00) AKST - Metlakatla",
  "America/Nome": "(-09:00) AKST - Nome",
  "America/Sitka": "(-09:00) AKST - Sitka",
  "America/Yakutat": "(-09:00) AKST - Yakutat",
  "Pacific/Gambier": "(-09:00) Gambier",
  "America/Los_Angeles": "(-08:00) PST - Los Angeles",
  "America/Tijuana": "(-08:00) PST - Tijuana",
  "America/Vancouver": "(-08:00) PST - Vancouver",
  "Pacific/Pitcairn": "(-08:00) Pitcairn",
  "America/Boise": "(-07:00) MST - Boise",
  "America/Cambridge_Bay": "(-07:00) MST - Cambridge Bay",
  "America/Ciudad_Juarez": "(-07:00) MST - Ciudad Juarez",
  "America/Creston": "(-07:00) MST - Creston",
  "America/Dawson": "(-07:00) MST - Dawson",
  "America/Dawson_Creek": "(-07:00) MST - Dawson Creek",
  "America/Denver": "(-07:00) MST - Denver",
  "America/Edmonton": "(-07:00) MST - Edmonton",
  "America/Fort_Nelson": "(-07:00) MST - Fort Nelson",
  "America/Hermosillo": "(-07:00) MST - Hermosillo",
  "America/Inuvik": "(-07:00) MST - Inuvik",
  "America/Mazatlan": "(-07:00) MST - Mazatlan",
  "America/Phoenix": "(-07:00) MST - Phoenix",
  "America/Whitehorse": "(-07:00) MST - Whitehorse",
  "America/Bahia_Banderas": "(-06:00) CST - Bahia Banderas",
  "America/Belize": "(-06:00) CST - Belize",
  "America/Chicago": "(-06:00) CST - Chicago",
  "America/Chihuahua": "(-06:00) CST - Chihuahua",
  "America/Costa_Rica": "(-06:00) CST - Costa Rica",
  "America/El_Salvador": "(-06:00) CST - El Salvador",
  "America/Guatemala": "(-06:00) CST - Guatemala",
  "America/Indiana/Knox": "(-06:00) CST - Knox",
  "America/Indiana/Tell_City": "(-06:00) CST - Tell City",
  "America/Managua": "(-06:00) CST - Managua",
  "America/Matamoros": "(-06:00) CST - Matamoros",
  "America/Menominee": "(-06:00) CST - Menominee",
  "America/Merida": "(-06:00) CST - Merida",
  "America/Mexico_City": "(-06:00) CST - Mexico City",
  "America/Monterrey": "(-06:00) CST - Monterrey",
  "America/North_Dakota/Beulah": "(-06:00) CST - Beulah",
  "America/North_Dakota/Center": "(-06:00) CST - Center",
  "America/North_Dakota/New_Salem": "(-06:00) CST - New Salem",
  "America/Ojinaga": "(-06:00) CST - Ojinaga",
  "America/Rankin_Inlet": "(-06:00) CST - Rankin Inlet",
  "America/Regina": "(-06:00) CST - Regina",
  "America/Resolute": "(-06:00) CST - Resolute",
  "America/Swift_Current": "(-06:00) CST - Swift Current",
  "America/Tegucigalpa": "(-06:00) CST - Tegucigalpa",
  "America/Winnipeg": "(-06:00) CST - Winnipeg",
  "Pacific/Galapagos": "(-06:00) Galapagos",
  "America/Atikokan": "(-05:00) EST - Atikokan",
  "America/Bogota": "(-05:00) Bogota",
  "America/Cancun": "(-05:00) EST - Cancun",
  "America/Cayman": "(-05:00) EST - Cayman",
  "America/Detroit": "(-05:00) EST - Detroit",
  "America/Eirunepe": "(-05:00) Eirunepe",
  "America/Grand_Turk": "(-05:00) EST - Grand Turk",
  "America/Guayaquil": "(-05:00) Guayaquil",
  "America/Havana": "(-05:00) CST - Havana",
  "America/Indiana/Indianapolis": "(-05:00) EST - Indianapolis",
  "America/Indiana/Marengo": "(-05:00) EST - Marengo",
  "America/Indiana/Petersburg": "(-05:00) EST - Petersburg",
  "America/Indiana/Vevay": "(-05:00) EST - Vevay",
  "America/Indiana/Vincennes": "(-05:00) EST - Vincennes",
  "America/Indiana/Winamac": "(-05:00) EST - Winamac",
  "America/Iqaluit": "(-05:00) EST - Iqaluit",
  "America/Jamaica": "(-05:00) EST - Jamaica",
  "America/Kentucky/Louisville": "(-05:00) EST - Louisville",
  "America/Kentucky/Monticello": "(-05:00) EST - Monticello",
  "America/Lima": "(-05:00) Lima",
  "America/Nassau": "(-05:00) EST - Nassau",
  "America/New_York": "(-05:00) EST - New York",
  "America/Panama": "(-05:00) EST - Panama",
  "America/Port-au-Prince": "(-05:00) EST - Port-au-Prince",
  "America/Rio_Branco": "(-05:00) Rio Branco",
  "America/Toronto": "(-05:00) EST - Toronto",
  "Pacific/Easter": "(-05:00) Easter",
  "America/Anguilla": "(-04:00) AST - Anguilla",
  "America/Antigua": "(-04:00) AST - Antigua",
  "America/Aruba": "(-04:00) AST - Aruba",
  "America/Barbados": "(-04:00) AST - Barbados",
  "America/Blanc-Sablon": "(-04:00) AST - Blanc-Sablon",
  "America/Boa_Vista": "(-04:00) Boa Vista",
  "America/Campo_Grande": "(-04:00) Campo Grande",
  "America/Caracas": "(-04:00) Caracas",
  "America/Cuiaba": "(-04:00) Cuiaba",
  "America/Curacao": "(-04:00) AST - Curacao",
  "America/Dominica": "(-04:00) AST - Dominica",
  "America/Glace_Bay": "(-04:00) AST - Glace Bay",
  "America/Goose_Bay": "(-04:00) AST - Goose Bay",
  "America/Grenada": "(-04:00) AST - Grenada",
  "America/Guadeloupe": "(-04:00) AST - Guadeloupe",
  "America/Guyana": "(-04:00) Guyana",
  "America/Halifax": "(-04:00) AST - Halifax",
  "America/Kralendijk": "(-04:00) AST - Kralendijk",
  "America/La_Paz": "(-04:00) La Paz",
  "America/Lower_Princes": "(-04:00) AST - Lower Princes",
  "America/Manaus": "(-04:00) Manaus",
  "America/Marigot": "(-04:00) AST - Marigot",
  "America/Martinique": "(-04:00) AST - Martinique",
  "America/Moncton": "(-04:00) AST - Moncton",
  "America/Montserrat": "(-04:00) AST - Montserrat",
  "America/Port_of_Spain": "(-04:00) AST - Port of Spain",
  "America/Porto_Velho": "(-04:00) Porto Velho",
  "America/Puerto_Rico": "(-04:00) AST - Puerto Rico",
  "America/Santo_Domingo": "(-04:00) AST - Santo Domingo",
  "America/St_Barthelemy": "(-04:00) AST - St Barthelemy",
  "America/St_Kitts": "(-04:00) AST - St Kitts",
  "America/St_Lucia": "(-04:00) AST - St Lucia",
  "America/St_Thomas": "(-04:00) AST - St Thomas",
  "America/St_Vincent": "(-04:00) AST - St Vincent",
  "America/Thule": "(-04:00) AST - Thule",
  "America/Tortola": "(-04:00) AST - Tortola",
  "Atlantic/Bermuda": "(-04:00) AST - Bermuda",
  "America/St_Johns": "(-03:30) NST - St Johns",
  "America/Araguaina": "(-03:00) Araguaina",
  "America/Argentina/Buenos_Aires": "(-03:00) Buenos Aires",
  "America/Argentina/Catamarca": "(-03:00) Catamarca",
  "America/Argentina/Cordoba": "(-03:00) Cordoba",
  "America/Argentina/Jujuy": "(-03:00) Jujuy",
  "America/Argentina/La_Rioja": "(-03:00) La Rioja",
  "America/Argentina/Mendoza": "(-03:00) Mendoza",
  "America/Argentina/Rio_Gallegos": "(-03:00) Rio Gallegos",
  "America/Argentina/Salta": "(-03:00) Salta",
  "America/Argentina/San_Juan": "(-03:00) San Juan",
  "America/Argentina/San_Luis": "(-03:00) San Luis",
  "America/Argentina/Tucuman": "(-03:00) Tucuman",
  "America/Argentina/Ushuaia": "(-03:00) Ushuaia",
  "America/Asuncion": "(-03:00) Asuncion",
  "America/Bahia": "(-03:00) Bahia",
  "America/Belem": "(-03:00) Belem",
  "America/Cayenne": "(-03:00) Cayenne",
  "America/Coyhaique": "(-03:00) Coyhaique",
  "America/Fortaleza": "(-03:00) Fortaleza",
  "America/Maceio": "(-03:00) Maceio",
  "America/Miquelon": "(-03:00) Miquelon",
  "America/Montevideo": "(-03:00) Montevideo",
  "America/Paramaribo": "(-03:00) Paramaribo",
  "America/Punta_Arenas": "(-03:00) Punta Arenas",
  "America/Recife": "(-03:00) Recife",
  "America/Santarem": "(-03:00) Santarem",
  "America/Santiago": "(-03:00) Santiago",
  "America/Sao_Paulo": "(-03:00) Sao Paulo",
  "Antarctica/Palmer": "(-03:00) Palmer",
  "Antarctica/Rothera": "(-03:00) Rothera",
  "Atlantic/Stanley": "(-03:00) Stanley",
  "America/Noronha": "(-02:00) Noronha",
  "America/Nuuk": "(-02:00) Nuuk",
  "America/Scoresbysund": "(-02:00) Scoresbysund",
  "Atlantic/South_Georgia": "(-02:00) South Georgia",
  "Atlantic/Azores": "(-01:00) Azores",
  "Atlantic/Cape_Verde": "(-01:00) Cape Verde",
  "Africa/Abidjan": "(+00:00) GMT - Abidjan",
  "Africa/Accra": "(+00:00) GMT - Accra",
  "Africa/Bamako": "(+00:00) GMT - Bamako",
  "Africa/Banjul": "(+00:00) GMT - Banjul",
  "Africa/Bissau": "(+00:00) GMT - Bissau",
  "Africa/Conakry": "(+00:00) GMT - Conakry",
  "Africa/Dakar": "(+00:00) GMT - Dakar",
  "Africa/Freetown": "(+00:00) GMT - Freetown",
  "Africa/Lome": "(+00:00) GMT - Lome",
  "Africa/Monrovia": "(+00:00) GMT - Monrovia",
  "Africa/Nouakchott": "(+00:00) GMT - Nouakchott",
  "Africa/Ouagadougou": "(+00:00) GMT - Ouagadougou",
  "Africa/Sao_Tome": "(+00:00) GMT - Sao Tome",
  "America/Danmarkshavn": "(+00:00) GMT - Danmarkshavn",
  "Antarctica/Troll": "(+00:00) Troll",
  "Atlantic/Canary": "(+00:00) WET - Canary",
  "Atlantic/Faroe": "(+00:00) WET - Faroe",
  "Atlantic/Madeira": "(+00:00) WET - Madeira",
  "Atlantic/Reykjavik": "(+00:00) GMT - Reykjavik",
  "Atlantic/St_Helena": "(+00:00) GMT - St Helena",
  "Europe/Dublin": "(+00:00) GMT - Dublin",
  "Europe/Guernsey": "(+00:00) GMT - Guernsey",
  "Europe/Isle_of_Man": "(+00:00) GMT - Isle of Man",
  "Europe/Jersey": "(+00:00) GMT - Jersey",
  "Europe/Lisbon": "(+00:00) WET - Lisbon",
  "Europe/London": "(+00:00) GMT - London",
  "UTC": "(+00:00) UTC - UTC",
  "Africa/Algiers": "(+01:00) CET - Algiers",
  "Africa/Bangui": "(+01:00) WAT - Bangui",
  "Africa/Brazzaville": "(+01:00) WAT - Brazzaville",
  "Africa/Casablanca": "(+01:00) Casablanca",
  "Africa/Ceuta": "(+01:00) CET - Ceuta",
  "Africa/Douala": "(+01:00) WAT - Douala",
  "Africa/El_Aaiun": "(+01:00) El Aaiun",
  "Africa/Kinshasa": "(+01:00) WAT - Kinshasa",
  "Africa/Lagos": "(+01:00) WAT - Lagos",
  "Africa/Libreville": "(+01:00) WAT - Libreville",
  "Africa/Luanda": "(+01:00) WAT - Luanda",
  "Africa/Malabo": "(+01:00) WAT - Malabo",
  "Africa/Ndjamena": "(+01:00) WAT - Ndjamena",
  "Africa/Niamey": "(+01:00) WAT - Niamey",
  "Africa/Porto-Novo": "(+01:00) WAT - Porto-Novo",
  "Africa/Tunis": "(+01:00) CET - Tunis",
  "Arctic/Longyearbyen": "(+01:00) CET - Longyearbyen",
  "Europe/Amsterdam": "(+01:00) CET - Amsterdam",
  "Europe/Andorra": "(+01:00) CET - Andorra",
  "Europe/Belgrade": "(+01:00) CET - Belgrade",
  "Europe/Berlin": "(+01:00) CET - Berlin",
  "Europe/Bratislava": "(+01:00) CET - Bratislava",
  "Europe/Brussels": "(+01:00) CET - Brussels",
  "Europe/Budapest": "(+01:00) CET - Budapest",
  "Europe/Busingen": "(+01:00) CET - Busingen",
  "Europe/Copenhagen": "(+01:00) CET - Copenhagen",
  "Europe/Gibraltar": "(+01:00) CET - Gibraltar",
  "Europe/Ljubljana": "(+01:00) CET - Ljubljana",
  "Europe/Luxembourg": "(+01:00) CET - Luxembourg",
  "Europe/Madrid": "(+01:00) CET - Madrid",
  "Europe/Malta": "(+01:00) CET - Malta",
  "Europe/Monaco": "(+01:00) CET - Monaco",
  "Europe/Oslo": "(+01:00) CET - Oslo",
  "Europe/Paris": "(+01:00) CET - Paris",
  "Europe/Podgorica": "(+01:00) CET - Podgorica",
  "Europe/Prague": "(+01:00) CET - Prague",
  "Europe/Rome": "(+01:00) CET - Rome",
  "Europe/San_Marino": "(+01:00) CET - San Marino",
  "Europe/Sarajevo": "(+01:00) CET - Sarajevo",
  "Europe/Skopje": "(+01:00) CET - Skopje",
  "Europe/Stockholm": "(+01:00) CET - Stockholm",
  "Europe/Tirane": "(+01:00) CET - Tirane",
  "Europe/Vaduz": "(+01:00) CET - Vaduz",
  "Europe/Vatican": "(+01:00) CET - Vatican",
  "Europe/Vienna": "(+01:00) CET - Vienna",
  "Europe/Warsaw": "(+01:00) CET - Warsaw",
  "Europe/Zagreb": "(+01:00) CET - Zagreb",
  "Europe/Zurich": "(+01:00) CET - Zurich",
  "Africa/Blantyre": "(+02:00) CAT - Blantyre",
  "Africa/Bujumbura": "(+02:00) CAT - Bujumbura",
  "Africa/Cairo": "(+02:00) EET - Cairo",
  "Africa/Gaborone": "(+02:00) CAT - Gaborone",
  "Africa/Harare": "(+02:00) CAT - Harare",
  "Africa/Johannesburg": "(+02:00) SAST - Johannesburg",
  "Africa/Juba": "(+02:00) CAT - Juba",
  "Africa/Khartoum": "(+02:00) CAT - Khartoum",
  "Africa/Kigali": "(+02:00) CAT - Kigali",
  "Africa/Lubumbashi": "(+02:00) CAT - Lubumbashi",
  "Africa/Lusaka": "(+02:00) CAT - Lusaka",
  "Africa/Maputo": "(+02:00) CAT - Maputo",
  "Africa/Maseru": "(+02:00) SAST - Maseru",
  "Africa/Mbabane": "(+02:00) SAST - Mbabane",
  "Africa/Tripoli": "(+02:00) EET - Tripoli",
  "Africa/Windhoek": "(+02:00) CAT - Windhoek",
  "Asia/Beirut": "(+02:00) EET - Beirut",
  "Asia/Famagusta": "(+02:00) EET - Famagusta",
  "Asia/Gaza": "(+02:00) EET - Gaza",
  "Asia/Hebron": "(+02:00) EET - Hebron",
  "Asia/Jerusalem": "(+02:00) IST - Jerusalem",
  "Asia/Nicosia": "(+02:00) EET - Nicosia",
  "Europe/Athens": "(+02:00) EET - Athens",
  "Europe/Bucharest": "(+02:00) EET - Bucharest",
  "Europe/Chisinau": "(+02:00) EET - Chisinau",
  "Europe/Helsinki": "(+02:00) EET - Helsinki",
  "Europe/Kaliningrad": "(+02:00) EET - Kaliningrad",
  "Europe/Kyiv": "(+02:00) EET - Kyiv",
  "Europe/Mariehamn": "(+02:00) EET - Mariehamn",
  "Europe/Riga": "(+02:00) EET - Riga",
  "Europe/Sofia": "(+02:00) EET - Sofia",
  "Europe/Tallinn": "(+02:00) EET - Tallinn",
  "Europe/Vilnius": "(+02:00) EET - Vilnius",
  "Africa/Addis_Ababa": "(+03:00) EAT - Addis Ababa",
  "Africa/Asmara": "(+03:00) EAT - Asmara",
  "Africa/Dar_es_Salaam": "(+03:00) EAT - Dar es Salaam",
  "Africa/Djibouti": "(+03:00) EAT - Djibouti",
  "Africa/Kampala": "(+03:00) EAT - Kampala",
  "Africa/Mogadishu": "(+03:00) EAT - Mogadishu",
  "Africa/Nairobi": "(+03:00) EAT - Nairobi",
  "Antarctica/Syowa": "(+03:00) Syowa",
  "Asia/Aden": "(+03:00) Aden",
  "Asia/Amman": "(+03:00) Amman",
  "Asia/Baghdad": "(+03:00) Baghdad",
  "Asia/Bahrain": "(+03:00) Bahrain",
  "Asia/Damascus": "(+03:00) Damascus",
  "Asia/Kuwait": "(+03:00) Kuwait",
  "Asia/Qatar": "(+03:00) Qatar",
  "Asia/Riyadh": "(+03:00) Riyadh",
  "Europe/Istanbul": "(+03:00) Istanbul",
  "Europe/Kirov": "(+03:00) MSK - Kirov",
  "Europe/Minsk": "(+03:00) Minsk",
  "Europe/Moscow": "(+03:00) MSK - Moscow",
  "Europe/Simferopol": "(+03:00) MSK - Simferopol",
  "Europe/Volgograd": "(+03:00) MSK - Volgograd",
  "Indian/Antananarivo": "(+03:00) EAT - Antananarivo",
  "Indian/Comoro": "(+03:00) EAT - Comoro",
  "Indian/Mayotte": "(+03:00) EAT - Mayotte",
  "Asia/Tehran": "(+03:30) Tehran",
  "Asia/Baku": "(+04:00) Baku",
  "Asia/Dubai": "(+04:00) Dubai",
  "Asia/Muscat": "(+04:00) Muscat",
  "Asia/Tbilisi": "(+04:00) Tbilisi",
  "Asia/Yerevan": "(+04:00) Yerevan",
  "Europe/Astrakhan": "(+04:00) Astrakhan",
  "Europe/Samara": "(+04:00) Samara",
  "Europe/Saratov": "(+04:00) Saratov",
  "Europe/Ulyanovsk": "(+04:00) Ulyanovsk",
  "Indian/Mahe": "(+04:00) Mahe",
  "Indian/Mauritius": "(+04:00) Mauritius",
  "Indian/Reunion": "(+04:00) Reunion",
  "Asia/Kabul": "(+04:30) Kabul",
  "Antarctica/Mawson": "(+05:00) Mawson",
  "Antarctica/Vostok": "(+05:00) Vostok",
  "Asia/Almaty": "(+05:00) Almaty",
  "Asia/Aqtau": "(+05:00) Aqtau",
  "Asia/Aqtobe": "(+05:00) Aqtobe",
  "Asia/Ashgabat": "(+05:00) Ashgabat",
  "Asia/Atyrau": "(+05:00) Atyrau",
  "Asia/Dushanbe": "(+05:00) Dushanbe",
  "Asia/Karachi": "(+05:00) PKT - Karachi",
  "Asia/Oral": "(+05:00) Oral",
  "Asia/Qostanay": "(+05:00) Qostanay",
  "Asia/Qyzylorda": "(+05:00) Qyzylorda",
  "Asia/Samarkand": "(+05:00) Samarkand",
  "Asia/Tashkent": "(+05:00) Tashkent",
  "Asia/Yekaterinburg": "(+05:00) Yekaterinburg",
  "Indian/Kerguelen": "(+05:00) Kerguelen",
  "Indian/Maldives": "(+05:00) Maldives",
  "Asia/Colombo": "(+05:30) Colombo",
  "Asia/Kolkata": "(+05:30) IST - Kolkata",
  "Asia/Kathmandu": "(+05:45) Kathmandu",
  "Asia/Bishkek": "(+06:00) Bishkek",
  "Asia/Dhaka": "(+06:00) Dhaka",
  "Asia/Omsk": "(+06:00) Omsk",
  "Asia/Thimphu": "(+06:00) Thimphu",
  "Asia/Urumqi": "(+06:00) Urumqi",
  "Indian/Chagos": "(+06:00) Chagos",
  "Asia/Yangon": "(+06:30) Yangon",
  "Indian/Cocos": "(+06:30) Cocos",
  "Antarctica/Davis": "(+07:00) Davis",
  "Asia/Bangkok": "(+07:00) Bangkok",
  "Asia/Barnaul": "(+07:00) Barnaul",
  "Asia/Ho_Chi_Minh": "(+07:00) Ho Chi Minh",
  "Asia/Hovd": "(+07:00) Hovd",
  "Asia/Jakarta": "(+07:00) WIB - Jakarta",
  "Asia/Krasnoyarsk": "(+07:00) Krasnoyarsk",
  "Asia/Novokuznetsk": "(+07:00) Novokuznetsk",
  "Asia/Novosibirsk": "(+07:00) Novosibirsk",
  "Asia/Phnom_Penh": "(+07:00) Phnom Penh",
  "Asia/Pontianak": "(+07:00) WIB - Pontianak",
  "Asia/Tomsk": "(+07:00) Tomsk",
  "Asia/Vientiane": "(+07:00) Vientiane",
  "Indian/Christmas": "(+07:00) Christmas",
  "Antarctica/Casey": "(+08:00) Casey",
  "Asia/Brunei": "(+08:00) Brunei",
  "Asia/Hong_Kong": "(+08:00) HKT - Hong Kong",
  "Asia/Irkutsk": "(+08:00) Irkutsk",
  "Asia/Kuala_Lumpur": "(+08:00) Kuala Lumpur",
  "Asia/Kuching": "(+08:00) Kuching",
  "Asia/Macau": "(+08:00) CST - Macau",
  "Asia/Makassar": "(+08:00) WITA - Makassar",
  "Asia/Manila": "(+08:00) PST - Manila",
  "Asia/Shanghai": "(+08:00) CST - Shanghai",
  "Asia/Singapore": "(+08:00) Singapore",
  "Asia/Taipei": "(+08:00) CST - Taipei",
  "Asia/Ulaanbaatar": "(+08:00) Ulaanbaatar",
  "Australia/Perth": "(+08:00) AWST - Perth",
  "Australia/Eucla": "(+08:45) Eucla",
  "Asia/Chita": "(+09:00) Chita",
  "Asia/Dili": "(+09:00) Dili",
  "Asia/Jayapura": "(+09:00) WIT - Jayapura",
  "Asia/Khandyga": "(+09:00) Khandyga",
  "Asia/Pyongyang": "(+09:00) KST - Pyongyang",
  "Asia/Seoul": "(+09:00) KST - Seoul",
  "Asia/Tokyo": "(+09:00) JST - Tokyo",
  "Asia/Yakutsk": "(+09:00) Yakutsk",
  "Pacific/Palau": "(+09:00) Palau",
  "Australia/Darwin": "(+09:30) ACST - Darwin",
  "Antarctica/DumontDUrville": "(+10:00) DumontDUrville",
  "Asia/Ust-Nera": "(+10:00) Ust-Nera",
  "Asia/Vladivostok": "(+10:00) Vladivostok",
  "Australia/Brisbane": "(+10:00) AEST - Brisbane",
  "Australia/Lindeman": "(+10:00) AEST - Lindeman",
  "Pacific/Chuuk": "(+10:00) Chuuk",
  "Pacific/Guam": "(+10:00) ChST - Guam",
  "Pacific/Port_Moresby": "(+10:00) Port Moresby",
  "Pacific/Saipan": "(+10:00) ChST - Saipan",
  "Australia/Adelaide": "(+10:30) ACDT - Adelaide",
  "Australia/Broken_Hill": "(+10:30) ACDT - Broken Hill",
  "Antarctica/Macquarie": "(+11:00) AEDT - Macquarie",
  "Asia/Magadan": "(+11:00) Magadan",
  "Asia/Sakhalin": "(+11:00) Sakhalin",
  "Asia/Srednekolymsk": "(+11:00) Srednekolymsk",
  "Australia/Hobart": "(+11:00) AEDT - Hobart",
  "Australia/Lord_Howe": "(+11:00) Lord Howe",
  "Australia/Melbourne": "(+11:00) AEDT - Melbourne",
  "Australia/Sydney": "(+11:00) AEDT - Sydney",
  "Pacific/Bougainville": "(+11:00) Bougainville",
  "Pacific/Efate": "(+11:00) Efate",
  "Pacific/Guadalcanal": "(+11:00) Guadalcanal",
  "Pacific/Kosrae": "(+11:00) Kosrae",
  "Pacific/Noumea": "(+11:00) Noumea",
  "Pacific/Pohnpei": "(+11:00) Pohnpei",
  "Asia/Anadyr": "(+12:00) Anadyr",
  "Asia/Kamchatka": "(+12:00) Kamchatka",
  "Pacific/Fiji": "(+12:00) Fiji",
  "Pacific/Funafuti": "(+12:00) Funafuti",
  "Pacific/Kwajalein": "(+12:00) Kwajalein",
  "Pacific/Majuro": "(+12:00) Majuro",
  "Pacific/Nauru": "(+12:00) Nauru",
  "Pacific/Norfolk": "(+12:00) Norfolk",
  "Pacific/Tarawa": "(+12:00) Tarawa",
  "Pacific/Wake": "(+12:00) Wake",
  "Pacific/Wallis": "(+12:00) Wallis",
  "Antarctica/McMurdo": "(+13:00) NZDT - McMurdo",
  "Pacific/Apia": "(+13:00) Apia",
  "Pacific/Auckland": "(+13:00) NZDT - Auckland",
  "Pacific/Fakaofo": "(+13:00) Fakaofo",
  "Pacific/Kanton": "(+13:00) Kanton",
  "Pacific/Tongatapu": "(+13:00) Tongatapu",
  "Pacific/Chatham": "(+13:45) Chatham",
  "Pacific/Kiritimati": "(+14:00) Kiritimati"
}
